{"cameraMode":{"drawMode":0,"name":"Shaded","section":"Shading Mode"},"sceneLighting":true,"audioPlay":false,"sceneViewState":{"m_AlwaysRefresh":false,"showFog":true,"showSkybox":true,"showFlares":false,"showImageEffects":true,"showParticleSystems":true,"showVisualEffectGraphs":true,"m_FxEnabled":true},"in2DMode":false,"pivot":{"x":-78.16748809814453,"y":13.915952682495118,"z":5.653258800506592},"rotation":{"x":-0.2258855104446411,"y":0.07320384681224823,"z":-0.017020326107740403,"w":-0.9712919592857361},"size":1.6760039329528809,"orthographic":false}