{"cameraMode":{"drawMode":0,"name":"Shaded","section":"Shading Mode"},"sceneLighting":true,"audioPlay":false,"sceneViewState":{"m_AlwaysRefresh":false,"showFog":true,"showSkybox":true,"showFlares":true,"showImageEffects":true,"showParticleSystems":true,"showVisualEffectGraphs":true,"m_FxEnabled":true},"in2DMode":false,"pivot":{"x":-9.892190933227539,"y":16.391990661621095,"z":-16.360288619995118},"rotation":{"x":0.19674056768417359,"y":0.31982097029685976,"z":-0.06802285462617874,"w":0.924344539642334},"size":1.5420056581497193,"orthographic":false}