{"cameraMode":{"drawMode":0,"name":"Shaded","section":"Shading Mode"},"sceneLighting":true,"audioPlay":false,"sceneViewState":{"m_AlwaysRefresh":false,"showFog":true,"showSkybox":true,"showFlares":true,"showImageEffects":true,"showParticleSystems":true,"showVisualEffectGraphs":true,"m_FxEnabled":true},"in2DMode":false,"pivot":{"x":16.72718048095703,"y":4.346285820007324,"z":40.85786819458008},"rotation":{"x":0.12090042978525162,"y":0.36675283312797549,"z":-0.04813409596681595,"w":0.9211745262145996},"size":24.781131744384767,"orthographic":false}